{
    "num_measurements": 10,
    "web": {
        "Build": 1.1992999999999998,
        "Deploy": 0.24690000000000004,
        "Attest": 1.7937999999999996,
        "Connect": 0.7745,
        "Update": 4.027399999999999
    },
    "gateway": {
        "Build": 0.9761,
        "Deploy": 0.4378,
        "Attest": 0.3291,
        "Connect": 1.2771,
        "Update": 3.0632999999999995
    },
    "sensor": {
        "Build": 0.44349999999999995,
        "Deploy": 2.5095,
        "Attest": 2.5755,
        "Connect": 0.25070000000000003,
        "Update": 5.8325000000000005
    }
}